{"constants": [301.0, 197.0, 0.6112392545, 0.7202391028, 0.8474585414, 341.0, 455.0, "indoor", "./indoor-lighting/pano_ahxngimugqzaln.exr"], "original object size": [0.23976171016693115, 0.015305696055293083, 0.5699712634086609, 0.6571000814437866], "original calibration": [0.147619158, -0.0816478506, 1.1253265970894428], "distorted params": ["hfov"], "distorted calibration": [0.147619158, -0.0816478506, 0.5885444343008995], "distorted object size": [0.24353435635566711, 0.0562298558652401, 0.5782670974731445, 0.6894673109054565]}