{"constants": [281.0, 221.0, 0.7689789534, 0.6506311893, -0.1929270029, 341.0, 455.0, "indoor", "./indoor-lighting/pano_ahxoerlgyguyxt.exr"], "original object size": [0.3685867488384247, 0.11833678185939789, 0.6063195466995239, 0.7636030316352844], "original calibration": [0.129752785, 0.0886149034, 0.8045621438826981], "distorted params": ["roll"], "distorted calibration": [0.129752785, 0.3542749692256228, 0.8045621438826981], "distorted object size": [0.3787236213684082, 0.11686523258686066, 0.6398431658744812, 0.7090898156166077]}