{"constants": [209.0, 102.0, 0.5897455812, 0.6341540217, -1.5163125992, 256.0, 256.0, "outdoor", 0, 0, 7, 0.02], "original object size": [0.12412746995687485, 0.06953060626983643, 0.6634993553161621, 0.7162318229675293], "original calibration": [0.0890564099, -0.0443792976, 0.7589539886], "distorted params": ["pitch"], "distorted calibration": [0.19904467504086298, -0.0443792976, 0.7589539886], "distorted object size": [0.13187851011753082, 0.039744529873132706, 0.6572511792182922, 0.7041476368904114]}