{"constants": [187.0, 120.0, 0.6829621792, 0.6837050915, 1.3123861551, 256.0, 192.0, "outdoor", 0, 0, 7, 0.02], "original object size": [0.34553858637809753, 0.2103697806596756, 0.9599881172180176, 0.5533508062362671], "original calibration": [0.351516813, -0.0009896373, 1.178262948975], "distorted params": ["hfov"], "distorted calibration": [0.351516813, -0.0009896373, 1.9692688957976752], "distorted object size": [0.38760554790496826, 0.18866388499736786, 1.064014196395874, 0.5033355355262756]}