{"constants": [281.0, 221.0, 0.7689789534, 0.6506311893, -0.1929270029, 341.0, 455.0, "indoor", "./indoor-lighting/pano_ahxoerlgyguyxt.exr"], "original object size": [0.3731953203678131, 0.14934228360652924, 0.6751134991645813, 0.7325437664985657], "original calibration": [0.129752785, 0.0886149034, 0.8045621438826981], "distorted params": ["pitch", "roll", "hfov"], "distorted calibration": [0.5704734722651715, 0.2825570178553409, 1.026664181217074], "distorted object size": [0.4171188473701477, 0.1280234307050705, 0.7617874145507812, 0.6466856002807617]}