{"constants": [281.0, 221.0, 0.7689789534, 0.6506311893, -0.1929270029, 341.0, 455.0, "indoor", "./indoor-lighting/pano_ahxoerlgyguyxt.exr"], "original object size": [0.3042545020580292, 0.09021544456481934, 0.7266248464584351, 0.9151062369346619], "original calibration": [0.129752785, 0.0886149034, 0.8045621438826981], "distorted params": ["pitch", "roll", "hfov"], "distorted calibration": [-0.043279783481361855, -0.015427385590790904, 0.58156569148922], "distorted object size": [0.27701514959335327, 0.1544899344444275, 0.6876636743545532, 1.0036194324493408]}