{"constants": [281.0, 221.0, 0.7689789534, 0.6506311893, -0.1929270029, 341.0, 455.0, "indoor", "./indoor-lighting/pano_ahxoerlgyguyxt.exr"], "original object size": [0.3000992238521576, 0.15932224690914154, 0.7066099047660828, 0.7027119994163513], "original calibration": [0.129752785, 0.0886149034, 0.8045621438826981], "distorted params": ["pitch", "roll", "hfov"], "distorted calibration": [0.6397177726520545, 0.2959155493335039, 1.525773612155429], "distorted object size": [0.34372472763061523, -0.003964052069932222, 0.7400194406509399, 0.5470017194747925]}