{"constants": [281.0, 221.0, 0.7689789534, 0.6506311893, -0.1929270029, 341.0, 455.0, "indoor", "./indoor-lighting/pano_ahxoerlgyguyxt.exr"], "original object size": [0.35351279377937317, 0.12514936923980713, 0.6131116151809692, 0.8595781326293945], "original calibration": [0.129752785, 0.0886149034, 0.8045621438826981], "distorted params": ["roll"], "distorted calibration": [0.129752785, 0.29017452450986453, 0.8045621438826981], "distorted object size": [0.3654155135154724, 0.10076827555894852, 0.629818856716156, 0.8220899105072021]}