{"constants": [184.0, 185.0, 1.2029799223, 1.2029935122, -1.7022237778, 341.0, 455.0, "outdoor", 0, 0, 7, 0.02], "original object size": [0.19285842776298523, 0.34095534682273865, 0.5098874568939209, 0.9928167462348938], "original calibration": [0.6079952717, -1.02748e-05, 1.2265770351011729], "distorted params": ["hfov"], "distorted calibration": [0.6079952717, -1.02748e-05, 0.5234115344528427], "distorted object size": [0.20979434251785278, 0.3397468626499176, 0.5247747302055359, 0.9958670735359192]}