{"constants": [195.0, 299.0, 0.831371963, 0.75452739, 0.8405730128, 341.0, 455.0, "outdoor", 2.6397119201, 1.1496857239, 2.1070868448, 0.0379645848], "original object size": [0.53582364320755, 0.41781872510910034, 0.7492768168449402, 0.8027302026748657], "original calibration": [0.130398646, 0.05762586, 0.5876359522624633], "distorted params": ["hfov"], "distorted calibration": [0.130398646, 0.05762586, 0.3490658503988659], "distorted object size": [0.5357898473739624, 0.41865038871765137, 0.7461788654327393, 0.8092505931854248]}