{"constants": [184.0, 185.0, 1.2029799223, 1.2029935122, -1.7022237778, 341.0, 455.0, "outdoor", 0, 0, 7, 0.02], "original object size": [0.34232375025749207, 0.39650002121925354, 0.47772014141082764, 0.9087173938751221], "original calibration": [0.6079952717, -1.02748e-05, 1.2265770351011729], "distorted params": ["hfov"], "distorted calibration": [0.6079952717, -1.02748e-05, 1.6038922275563785], "distorted object size": [0.34274134039878845, 0.3968317210674286, 0.4722015857696533, 0.9343948364257812]}