{"constants": [253.0, 66.0, 0.8507063389, 0.8491625786, -1.5494630337, 341.0, 455.0, "outdoor", 2.96065472, 0.2741530187, 4.0, 0.0293732855], "original object size": [0.0023817233741283417, 0.19960227608680725, 0.24044488370418549, 0.47547367215156555], "original calibration": [0.385848701, 0.0011589512, 1.4034014467947216], "distorted params": ["roll"], "distorted calibration": [0.385848701, 0.05881691928211755, 1.4034014467947216], "distorted object size": [0.014761669561266899, 0.19595158100128174, 0.25260695815086365, 0.47207438945770264]}