{"constants": [184.0, 185.0, 1.2029799223, 1.2029935122, -1.7022237778, 341.0, 455.0, "outdoor", 0, 0, 7, 0.02], "original object size": [0.03259570524096489, 0.3695073425769806, 0.6901851296424866, 0.9338348507881165], "original calibration": [0.6079952717, -1.02748e-05, 1.2265770351011729], "distorted params": ["pitch", "hfov"], "distorted calibration": [0.9729479761886337, -1.02748e-05, 1.3684862362780899], "distorted object size": [0.0451200045645237, 0.33879321813583374, 0.655693769454956, 0.9193107485771179]}