{"constants": [209.0, 102.0, 0.5897455812, 0.6341540217, -1.5163125992, 256.0, 256.0, "outdoor", 0, 0, 7, 0.02], "original object size": [0.2454666793346405, 0.15375269949436188, 0.5144392848014832, 0.7255223393440247], "original calibration": [0.0890564099, -0.0443792976, 0.7589539886], "distorted params": ["pitch", "roll"], "distorted calibration": [0.046604072674610135, -0.269637593075768, 0.7589539886], "distorted object size": [0.23394684493541718, 0.13014860451221466, 0.5045313835144043, 0.6985322833061218]}