{"constants": [209.0, 102.0, 0.5897455812, 0.6341540217, -1.5163125992, 256.0, 256.0, "outdoor", 0, 0, 7, 0.02], "original object size": [0.27509674429893494, 0.14467565715312958, 0.5092934370040894, 0.6551228761672974], "original calibration": [0.0890564099, -0.0443792976, 0.7589539886], "distorted params": ["pitch", "hfov"], "distorted calibration": [0.19702237537024836, -0.0443792976, 1.1524334708093253], "distorted object size": [0.27462270855903625, 0.11292863637208939, 0.5038326382637024, 0.634727954864502]}