{"constants": [256.0, 346.0, 0.7602372169, 0.7601885796, 2.5478212833, 341.0, 455.0, "indoor", "./indoor-lighting/pano_ahxoerlgyguyxt.exr"], "original object size": [0.6089232563972473, 0.2177094966173172, 0.9756780862808228, 0.6716155409812927], "original calibration": [0.2557556331, 3.65387e-05, 1.2425008363563048], "distorted params": ["pitch"], "distorted calibration": [0.5322122699837986, 3.65387e-05, 1.2425008363563048], "distorted object size": [0.624847412109375, 0.17680244147777557, 0.9923229217529297, 0.6296614408493042]}