{"constants": [306.0, 296.0, 0.0386685729, 0.5921071172, 2.9658555984, 341.0, 455.0, "indoor", "./indoor-lighting/pano_ahxoerlgyguyxt.exr"], "original object size": [0.5641253590583801, 0.04931920766830444, 0.7198008894920349, 0.4109981656074524], "original calibration": [-0.2582726479, -0.3937835395, 1.6573212625043987], "distorted params": ["pitch", "hfov"], "distorted calibration": [-0.2210953888265883, -0.3937835395, 2.2689280275926285], "distorted object size": [0.5759662985801697, -0.03214487060904503, 0.7136655449867249, 0.38383984565734863]}