{"constants": [276.0, 246.0, 0.4432448149, 0.4437273145, 1.1651810408, 384.0, 576.0, "outdoor", 2.6397119201, 1.1496857239, 2.1070868448, 0.0379645848], "original object size": [0.37103697657585144, 0.2801174521446228, 0.482747882604599, 0.44846585392951965], "original calibration": [-0.0527451411, -0.0003216546, 1.3109223246], "distorted params": ["hfov"], "distorted calibration": [-0.0527451411, -0.0003216546, 1.462711799485], "distorted object size": [0.37090444564819336, 0.27947479486465454, 0.48254746198654175, 0.4479256272315979]}