{"constants": [187.0, 120.0, 0.6829621792, 0.6837050915, 1.3123861551, 256.0, 192.0, "outdoor", 0, 0, 7, 0.02], "original object size": [0.3762631416320801, 0.14658653736114502, 0.9633998870849609, 0.7908098697662354], "original calibration": [0.351516813, -0.0009896373, 1.178262948975], "distorted params": ["pitch", "hfov"], "distorted calibration": [0.0605464864012672, -0.0009896373, 0.3490658503988659], "distorted object size": [0.33726751804351807, 0.244796484708786, 0.913520872592926, 0.9014211297035217]}