{"constants": [195.0, 299.0, 0.831371963, 0.75452739, 0.8405730128, 341.0, 455.0, "outdoor", 2.6397119201, 1.1496857239, 2.1070868448, 0.0379645848], "original object size": [0.5561743974685669, 0.4073123037815094, 0.7024509310722351, 0.8754197359085083], "original calibration": [0.130398646, 0.05762586, 0.5876359522624633], "distorted params": ["roll"], "distorted calibration": [0.130398646, 0.2832348666257003, 0.5876359522624633], "distorted object size": [0.5715089440345764, 0.4055727422237396, 0.7373083233833313, 0.824367105960846]}