{"constants": [195.0, 299.0, 0.831371963, 0.75452739, 0.8405730128, 341.0, 455.0, "outdoor", 2.6397119201, 1.1496857239, 2.1070868448, 0.0379645848], "original object size": [0.4964495897293091, 0.38727936148643494, 0.8205990791320801, 0.8646330237388611], "original calibration": [0.130398646, 0.05762586, 0.5876359522624633], "distorted params": ["pitch", "roll", "hfov"], "distorted calibration": [0.6001111618997252, 0.13781792572929263, 1.583727625418268], "distorted object size": [0.521695613861084, 0.2713244557380676, 0.8042832612991333, 0.8307910561561584]}