{"constants": [184.0, 185.0, 1.2029799223, 1.2029935122, -1.7022237778, 341.0, 455.0, "outdoor", 0, 0, 7, 0.02], "original object size": [0.18821892142295837, 0.40915316343307495, 0.5804267525672913, 0.9339010715484619], "original calibration": [0.6079952717, -1.02748e-05, 1.2265770351011729], "distorted params": ["roll"], "distorted calibration": [0.6079952717, -0.13795711555453222, 1.2265770351011729], "distorted object size": [0.1601349115371704, 0.4075537621974945, 0.5541558265686035, 0.9299675226211548]}