{"constants": [276.0, 246.0, 0.4432448149, 0.4437273145, 1.1651810408, 384.0, 576.0, "outdoor", 2.6397119201, 1.1496857239, 2.1070868448, 0.0379645848], "original object size": [0.37467047572135925, 0.2700100243091583, 0.478490948677063, 0.5093068480491638], "original calibration": [-0.0527451411, -0.0003216546, 1.3109223246], "distorted params": ["pitch"], "distorted calibration": [0.05524034241114648, -0.0003216546, 1.3109223246], "distorted object size": [0.37385129928588867, 0.2617087662220001, 0.4775010049343109, 0.5014004707336426]}