{"constants": [253.0, 66.0, 0.8507063389, 0.8491625786, -1.5494630337, 341.0, 455.0, "outdoor", 2.96065472, 0.2741530187, 4.0, 0.0293732855], "original object size": [0.032515283674001694, 0.17063839733600616, 0.2786019444465637, 0.9040056467056274], "original calibration": [0.385848701, 0.0011589512, 1.4034014467947216], "distorted params": ["roll", "hfov"], "distorted calibration": [0.385848701, 0.24628924205685152, 1.968044756017553], "distorted object size": [0.020409004762768745, 0.14394867420196533, 0.28298285603523254, 0.8333299160003662]}