{"constants": [276.0, 246.0, 0.4432448149, 0.4437273145, 1.1651810408, 384.0, 576.0, "outdoor", 2.6397119201, 1.1496857239, 2.1070868448, 0.0379645848], "original object size": [0.3738071620464325, 0.26641759276390076, 0.4588514268398285, 0.46049055457115173], "original calibration": [-0.0527451411, -0.0003216546, 1.3109223246], "distorted params": ["roll"], "distorted calibration": [-0.0527451411, -0.07100874591388465, 1.3109223246], "distorted object size": [0.3665601909160614, 0.2650872468948364, 0.4552546739578247, 0.4514888525009155]}