{"constants": [309.0, 304.0, 0.292289108, 0.239485532, 2.7161130905, 341.0, 455.0, "outdoor", 0, 0, 7, 0.02], "original object size": [0.6037377119064331, 0.09262187778949738, 0.7337352633476257, 0.27020373940467834], "original calibration": [-0.2192413062, 0.0396206453, 1.185329012903226], "distorted params": ["roll", "hfov"], "distorted calibration": [-0.2192413062, -0.1387068423926711, 1.0152583741569037], "distorted object size": [0.5922701358795166, 0.09257544577121735, 0.7226215600967407, 0.26967653632164]}