{"constants": [281.0, 221.0, 0.7689789534, 0.6506311893, -0.1929270029, 341.0, 455.0, "indoor", "./indoor-lighting/pano_ahxoerlgyguyxt.exr"], "original object size": [0.2981100380420685, 0.13336484134197235, 0.6558225154876709, 0.6822222471237183], "original calibration": [0.129752785, 0.0886149034, 0.8045621438826981], "distorted params": ["roll"], "distorted calibration": [0.129752785, 0.09800657247729992, 0.8045621438826981], "distorted object size": [0.300061970949173, 0.13329185545444489, 0.6565496325492859, 0.6840415000915527]}