{"constants": [306.0, 296.0, 0.0386685729, 0.5921071172, 2.9658555984, 341.0, 455.0, "indoor", "./indoor-lighting/pano_ahxoerlgyguyxt.exr"], "original object size": [0.535200297832489, 0.03985026106238365, 0.7164461016654968, 0.43812817335128784], "original calibration": [-0.2582726479, -0.3937835395, 1.6573212625043987], "distorted params": ["roll"], "distorted calibration": [-0.2582726479, -0.7416169294559976, 1.6573212625043987], "distorted object size": [0.4783594012260437, 0.013607794418931007, 0.6984819173812866, 0.35210275650024414]}