{"constants": [265.0, 112.0, 0.6748281717, 0.6748456955, 0.0829030424, 341.0, 455.0, "indoor", "./indoor-lighting/pano_ahxoerlgyguyxt.exr"], "original object size": [0.05283652991056442, 0.1508094221353531, 0.40004298090934753, 0.8438433408737183], "original calibration": [0.1295537651, -1.31444e-05, 0.9517702784032259], "distorted params": ["hfov"], "distorted calibration": [0.1295537651, -1.31444e-05, 1.7442965710664498], "distorted object size": [0.008499464020133018, 0.0944223701953888, 0.37270456552505493, 0.7568619251251221]}