{"constants": [265.0, 112.0, 0.6748281717, 0.6748456955, 0.0829030424, 341.0, 455.0, "indoor", "./indoor-lighting/pano_ahxoerlgyguyxt.exr"], "original object size": [0.11591199040412903, 0.2017754465341568, 0.32569175958633423, 0.7970053553581238], "original calibration": [0.1295537651, -1.31444e-05, 0.9517702784032259], "distorted params": ["roll"], "distorted calibration": [0.1295537651, 0.06226845648196246, 0.9517702784032259], "distorted object size": [0.11857560276985168, 0.19639456272125244, 0.327444463968277, 0.7942317128181458]}