{"constants": [309.0, 304.0, 0.292289108, 0.239485532, 2.7161130905, 341.0, 455.0, "outdoor", 0, 0, 7, 0.02], "original object size": [0.6414997577667236, 0.08635498583316803, 0.7175605893135071, 0.31617072224617004], "original calibration": [-0.2192413062, 0.0396206453, 1.185329012903226], "distorted params": ["pitch", "roll", "hfov"], "distorted calibration": [0.0740388220250405, 0.12878414424385382, 1.3758290637165802], "distorted object size": [0.6419523358345032, 0.07314708828926086, 0.7181437015533447, 0.30256977677345276]}