{"constants": [209.0, 102.0, 0.5897455812, 0.6341540217, -1.5163125992, 256.0, 256.0, "outdoor", 0, 0, 7, 0.02], "original object size": [0.2184963822364807, 0.1389070600271225, 0.6362477540969849, 0.5874613523483276], "original calibration": [0.0890564099, -0.0443792976, 0.7589539886], "distorted params": ["pitch", "roll", "hfov"], "distorted calibration": [0.5867072137293025, 0.011597159211720047, 0.927868766676156], "distorted object size": [0.22276462614536285, 0.08116372674703598, 0.6733244061470032, 0.49915918707847595]}