{"constants": [281.0, 221.0, 0.7689789534, 0.6506311893, -0.1929270029, 341.0, 455.0, "indoor", "./indoor-lighting/pano_ahxoerlgyguyxt.exr"], "original object size": [0.2840493619441986, 0.12831111252307892, 0.7327266335487366, 0.5572412610054016], "original calibration": [0.129752785, 0.0886149034, 0.8045621438826981], "distorted params": ["roll", "hfov"], "distorted calibration": [0.129752785, 0.2840815792732113, 1.5213743706068568], "distorted object size": [0.3475800156593323, 0.09369613230228424, 0.7710646390914917, 0.549770176410675]}