{"constants": [187.0, 120.0, 0.6829621792, 0.6837050915, 1.3123861551, 256.0, 192.0, "outdoor", 0, 0, 7, 0.02], "original object size": [0.44191834330558777, 0.16554643213748932, 0.8630154728889465, 0.9709519147872925], "original calibration": [0.351516813, -0.0009896373, 1.178262948975], "distorted params": ["hfov"], "distorted calibration": [0.351516813, -0.0009896373, 0.3490658503988659], "distorted object size": [0.4102132320404053, 0.19973857700824738, 0.8453437089920044, 0.9799782037734985]}