{"constants": [209.0, 102.0, 0.5897455812, 0.6341540217, -1.5163125992, 256.0, 256.0, "outdoor", 0, 0, 7, 0.02], "original object size": [0.14215373992919922, 0.1452399641275406, 0.6183655858039856, 0.48703134059906006], "original calibration": [0.0890564099, -0.0443792976, 0.7589539886], "distorted params": ["hfov"], "distorted calibration": [0.0890564099, -0.0443792976, 0.453287608929846], "distorted object size": [0.14252907037734985, 0.15603406727313995, 0.6237561702728271, 0.49430009722709656]}