{"constants": [306.0, 296.0, 0.0386685729, 0.5921071172, 2.9658555984, 341.0, 455.0, "indoor", "./indoor-lighting/pano_ahxoerlgyguyxt.exr"], "original object size": [0.4565849304199219, 0.02036111056804657, 0.74790358543396, 0.4967292249202728], "original calibration": [-0.2582726479, -0.3937835395, 1.6573212625043987], "distorted params": ["roll", "hfov"], "distorted calibration": [-0.2582726479, -0.1225500599820224, 2.2689280275926285], "distorted object size": [0.5234982967376709, -0.07151587307453156, 0.7845913171768188, 0.46721529960632324]}