{"constants": [253.0, 66.0, 0.8507063389, 0.8491625786, -1.5494630337, 341.0, 455.0, "outdoor", 2.96065472, 0.2741530187, 4.0, 0.0293732855], "original object size": [0.01230363454669714, 0.14619533717632294, 0.2583827078342438, 0.5232152342796326], "original calibration": [0.385848701, 0.0011589512, 1.4034014467947216], "distorted params": ["roll"], "distorted calibration": [0.385848701, -0.024371113038426397, 1.4034014467947216], "distorted object size": [0.012735066935420036, 0.1458045393228531, 0.2582075297832489, 0.5237587094306946]}