{"constants": [253.0, 66.0, 0.8507063389, 0.8491625786, -1.5494630337, 341.0, 455.0, "outdoor", 2.96065472, 0.2741530187, 4.0, 0.0293732855], "original object size": [0.012571504339575768, 0.17740298807621002, 0.2508290112018585, 0.7968305945396423], "original calibration": [0.385848701, 0.0011589512, 1.4034014467947216], "distorted params": ["roll"], "distorted calibration": [0.385848701, -0.17222151082074538, 1.4034014467947216], "distorted object size": [-0.03238112851977348, 0.1832183301448822, 0.2403421401977539, 0.7331966757774353]}