{"constants": [253.0, 66.0, 0.8507063389, 0.8491625786, -1.5494630337, 341.0, 455.0, "outdoor", 2.96065472, 0.2741530187, 4.0, 0.0293732855], "original object size": [0.014596441760659218, 0.22615613043308258, 0.21584010124206543, 0.42398497462272644], "original calibration": [0.385848701, 0.0011589512, 1.4034014467947216], "distorted params": ["hfov"], "distorted calibration": [0.385848701, 0.0011589512, 1.8402820487935183], "distorted object size": [-0.010480271652340889, 0.2231438010931015, 0.20725402235984802, 0.4070444703102112]}