{"constants": [184.0, 185.0, 1.2029799223, 1.2029935122, -1.7022237778, 341.0, 455.0, "outdoor", 0, 0, 7, 0.02], "original object size": [0.325869083404541, 0.37216290831565857, 0.498911589384079, 0.9996065497398376], "original calibration": [0.6079952717, -1.02748e-05, 1.2265770351011729], "distorted params": ["pitch", "hfov"], "distorted calibration": [0.30326948513840607, -1.02748e-05, 0.7758105348391919], "distorted object size": [0.32223692536354065, 0.412289559841156, 0.5060192942619324, 1.0050911903381348]}