{"constants": [264.0, 212.0, 0.5037712455, 0.7351716161, -0.100354813, 341.0, 455.0, "indoor", "./indoor-lighting/pano_ahxoerlgyguyxt.exr"], "original object size": [0.2565339505672455, 0.14279131591320038, 0.5918663144111633, 0.7540294528007507], "original calibration": [0.121663861, -0.1720033884, 1.262167213291789], "distorted params": ["pitch", "roll"], "distorted calibration": [0.20463178806876012, 0.10943420861715664, 1.262167213291789], "distorted object size": [0.33208560943603516, 0.1273496448993683, 0.6558358669281006, 0.7611755132675171]}