{"constants": [256.0, 346.0, 0.7602372169, 0.7601885796, 2.5478212833, 341.0, 455.0, "indoor", "./indoor-lighting/pano_ahxoerlgyguyxt.exr"], "original object size": [0.6308523416519165, 0.1983010619878769, 0.877318799495697, 0.9022963643074036], "original calibration": [0.2557556331, 3.65387e-05, 1.2425008363563048], "distorted params": ["pitch", "hfov"], "distorted calibration": [-0.02467619981874486, 3.65387e-05, 0.42278815804606007], "distorted object size": [0.6117302775382996, 0.2390754073858261, 0.8597347140312195, 0.9387317299842834]}