{"constants": [264.0, 212.0, 0.5037712455, 0.7351716161, -0.100354813, 341.0, 455.0, "indoor", "./indoor-lighting/pano_ahxoerlgyguyxt.exr"], "original object size": [0.23729898035526276, 0.17554616928100586, 0.5317718386650085, 0.6060559749603271], "original calibration": [0.121663861, -0.1720033884, 1.262167213291789], "distorted params": ["hfov"], "distorted calibration": [0.121663861, -0.1720033884, 1.1507023536847485], "distorted object size": [0.24251022934913635, 0.17662006616592407, 0.5327900648117065, 0.6134395003318787]}