{"constants": [209.0, 102.0, 0.5897455812, 0.6341540217, -1.5163125992, 256.0, 256.0, "outdoor", 0, 0, 7, 0.02], "original object size": [0.15963362157344818, 0.11507575213909149, 0.5921239256858826, 0.7693343162536621], "original calibration": [0.0890564099, -0.0443792976, 0.7589539886], "distorted params": ["pitch", "hfov"], "distorted calibration": [0.30185700968799706, -0.0443792976, 1.6990562070919142], "distorted object size": [0.08746161311864853, -0.004737309645861387, 0.5373651385307312, 0.6075581908226013]}