{"constants": [253.0, 66.0, 0.8507063389, 0.8491625786, -1.5494630337, 341.0, 455.0, "outdoor", 2.96065472, 0.2741530187, 4.0, 0.0293732855], "original object size": [0.014505160972476006, 0.15781772136688232, 0.27375540137290955, 0.6546644568443298], "original calibration": [0.385848701, 0.0011589512, 1.4034014467947216], "distorted params": ["roll", "hfov"], "distorted calibration": [0.385848701, 0.1713556113392918, 2.0134776233223803], "distorted object size": [-0.017486248165369034, 0.11407065391540527, 0.28639867901802063, 0.5472801327705383]}