{"constants": [256.0, 346.0, 0.7602372169, 0.7601885796, 2.5478212833, 341.0, 455.0, "indoor", "./indoor-lighting/pano_ahxoerlgyguyxt.exr"], "original object size": [0.5206125974655151, 0.21350757777690887, 0.9069919586181641, 0.7767178416252136], "original calibration": [0.2557556331, 3.65387e-05, 1.2425008363563048], "distorted params": ["hfov"], "distorted calibration": [0.2557556331, 3.65387e-05, 1.8364175725642513], "distorted object size": [0.5590012669563293, 0.20255687832832336, 0.9899101853370667, 0.7132859826087952]}