{"constants": [265.0, 112.0, 0.6748281717, 0.6748456955, 0.0829030424, 341.0, 455.0, "indoor", "./indoor-lighting/pano_ahxoerlgyguyxt.exr"], "original object size": [0.04724125936627388, 0.17718221247196198, 0.38997772336006165, 0.6476110816001892], "original calibration": [0.1295537651, -1.31444e-05, 0.9517702784032259], "distorted params": ["pitch", "roll", "hfov"], "distorted calibration": [0.3514249893246741, 0.27249729993506316, 1.2694987405970946], "distorted object size": [0.06924444437026978, 0.15540125966072083, 0.3912961781024933, 0.6581106781959534]}