{"constants": [276.0, 246.0, 0.4432448149, 0.4437273145, 1.1651810408, 384.0, 576.0, "outdoor", 2.6397119201, 1.1496857239, 2.1070868448, 0.0379645848], "original object size": [0.39253297448158264, 0.2718878388404846, 0.46123233437538147, 0.46689197421073914], "original calibration": [-0.0527451411, -0.0003216546, 1.3109223246], "distorted params": ["roll"], "distorted calibration": [-0.0527451411, -0.071668826251535, 1.3109223246], "distorted object size": [0.3924059569835663, 0.2723006308078766, 0.46120724081993103, 0.4670163094997406]}