{"constants": [309.0, 304.0, 0.292289108, 0.239485532, 2.7161130905, 341.0, 455.0, "outdoor", 0, 0, 7, 0.02], "original object size": [0.5870566964149475, 0.07146235555410385, 0.7531538009643555, 0.3123091757297516], "original calibration": [-0.2192413062, 0.0396206453, 1.185329012903226], "distorted params": ["roll", "hfov"], "distorted calibration": [-0.2192413062, 0.19292460052972077, 1.5539980135913656], "distorted object size": [0.5930047631263733, 0.045147158205509186, 0.7514467239379883, 0.29822126030921936]}