{"constants": [264.0, 212.0, 0.5037712455, 0.7351716161, -0.100354813, 341.0, 455.0, "indoor", "./indoor-lighting/pano_ahxoerlgyguyxt.exr"], "original object size": [0.2883833348751068, 0.08961061388254166, 0.6399909853935242, 0.6889767646789551], "original calibration": [0.121663861, -0.1720033884, 1.262167213291789], "distorted params": ["roll", "hfov"], "distorted calibration": [0.121663861, 0.020207214579402805, 2.2689280275926285], "distorted object size": [0.30067336559295654, -0.13180223107337952, 0.6027413606643677, 0.5681313872337341]}