{"constants": [265.0, 112.0, 0.6748281717, 0.6748456955, 0.0829030424, 341.0, 455.0, "indoor", "./indoor-lighting/pano_ahxoerlgyguyxt.exr"], "original object size": [0.1420583724975586, 0.1710626482963562, 0.3485434949398041, 0.7208277583122253], "original calibration": [0.1295537651, -1.31444e-05, 0.9517702784032259], "distorted params": ["pitch", "roll"], "distorted calibration": [0.4023129691614392, 0.10750237380536407, 0.9517702784032259], "distorted object size": [0.14313377439975739, 0.13564243912696838, 0.34698915481567383, 0.6925888061523438]}