{"constants": [309.0, 304.0, 0.292289108, 0.239485532, 2.7161130905, 341.0, 455.0, "outdoor", 0, 0, 7, 0.02], "original object size": [0.5983616709709167, 0.08157283812761307, 0.7021275758743286, 0.2636449933052063], "original calibration": [-0.2192413062, 0.0396206453, 1.185329012903226], "distorted params": ["roll", "hfov"], "distorted calibration": [-0.2192413062, 0.26851220858644376, 1.5496447561266264], "distorted object size": [0.6244493722915649, 0.06739303469657898, 0.7167693972587585, 0.2752333879470825]}