{"constants": [265.0, 112.0, 0.6748281717, 0.6748456955, 0.0829030424, 341.0, 455.0, "indoor", "./indoor-lighting/pano_ahxoerlgyguyxt.exr"], "original object size": [0.006027474999427795, 0.20053993165493011, 0.30888426303863525, 0.6417373418807983], "original calibration": [0.1295537651, -1.31444e-05, 0.9517702784032259], "distorted params": ["pitch", "roll"], "distorted calibration": [0.532982492456392, 0.07984061919071911, 0.9517702784032259], "distorted object size": [0.004282692912966013, 0.1853289157152176, 0.304120272397995, 0.6309435367584229]}