{"constants": [195.0, 299.0, 0.831371963, 0.75452739, 0.8405730128, 341.0, 455.0, "outdoor", 2.6397119201, 1.1496857239, 2.1070868448, 0.0379645848], "original object size": [0.5387275218963623, 0.4049454629421234, 0.8054502606391907, 0.8988260626792908], "original calibration": [0.130398646, 0.05762586, 0.5876359522624633], "distorted params": ["hfov"], "distorted calibration": [0.130398646, 0.05762586, 0.3490658503988659], "distorted object size": [0.5367379784584045, 0.4071361720561981, 0.8036341667175293, 0.9006960391998291]}