{"constants": [195.0, 299.0, 0.831371963, 0.75452739, 0.8405730128, 341.0, 455.0, "outdoor", 2.6397119201, 1.1496857239, 2.1070868448, 0.0379645848], "original object size": [0.5267835259437561, 0.41180798411369324, 0.814784049987793, 0.6720119118690491], "original calibration": [0.130398646, 0.05762586, 0.5876359522624633], "distorted params": ["roll", "hfov"], "distorted calibration": [0.130398646, 0.3292656080066, 0.8692895338723476], "distorted object size": [0.5842244625091553, 0.3986609876155853, 0.8443031311035156, 0.6901600360870361]}