{"constants": [265.0, 112.0, 0.6748281717, 0.6748456955, 0.0829030424, 341.0, 455.0, "indoor", "./indoor-lighting/pano_ahxoerlgyguyxt.exr"], "original object size": [0.05459531396627426, 0.20925723016262054, 0.41016265749931335, 0.6686423420906067], "original calibration": [0.1295537651, -1.31444e-05, 0.9517702784032259], "distorted params": ["pitch", "hfov"], "distorted calibration": [0.15343447172857905, -1.31444e-05, 1.061442455155286], "distorted object size": [0.04914717376232147, 0.20520102977752686, 0.4067562222480774, 0.6619783043861389]}