{"constants": [187.0, 120.0, 0.6829621792, 0.6837050915, 1.3123861551, 256.0, 192.0, "outdoor", 0, 0, 7, 0.02], "original object size": [0.33053141832351685, 0.21589890122413635, 0.974075198173523, 0.6943829655647278], "original calibration": [0.351516813, -0.0009896373, 1.178262948975], "distorted params": ["pitch", "hfov"], "distorted calibration": [0.8680644797051129, -0.0009896373, 1.6832948056433765], "distorted object size": [0.4264417290687561, 0.07061757147312164, 0.9577165842056274, 0.4894079566001892]}