{"constants": [187.0, 120.0, 0.6829621792, 0.6837050915, 1.3123861551, 256.0, 192.0, "outdoor", 0, 0, 7, 0.02], "original object size": [0.4420367181301117, 0.20751303434371948, 0.9490430355072021, 0.5345484018325806], "original calibration": [0.351516813, -0.0009896373, 1.178262948975], "distorted params": ["pitch", "hfov"], "distorted calibration": [0.730227110020907, -0.0009896373, 1.4700232014486319], "distorted object size": [0.4597248136997223, 0.17812994122505188, 1.047669768333435, 0.4648079574108124]}