{"constants": [184.0, 185.0, 1.2029799223, 1.2029935122, -1.7022237778, 341.0, 455.0, "outdoor", 0, 0, 7, 0.02], "original object size": [0.22073957324028015, 0.2812052071094513, 0.5844088792800903, 0.9867706894874573], "original calibration": [0.6079952717, -1.02748e-05, 1.2265770351011729], "distorted params": ["pitch", "hfov"], "distorted calibration": [0.7891403667395559, -1.02748e-05, 1.7977407838387476], "distorted object size": [0.23633097112178802, 0.24516935646533966, 0.5618332028388977, 1.0578233003616333]}