{"constants": [187.0, 120.0, 0.6829621792, 0.6837050915, 1.3123861551, 256.0, 192.0, "outdoor", 0, 0, 7, 0.02], "original object size": [0.4503464102745056, 0.16782405972480774, 0.8274686932563782, 0.8487745523452759], "original calibration": [0.351516813, -0.0009896373, 1.178262948975], "distorted params": ["pitch", "roll", "hfov"], "distorted calibration": [0.3799340919636329, 0.20008872136512987, 1.5361147089413474], "distorted object size": [0.4715421199798584, 0.15939365327358246, 0.8778565526008606, 0.7958087921142578]}