{"constants": [306.0, 296.0, 0.0386685729, 0.5921071172, 2.9658555984, 341.0, 455.0, "indoor", "./indoor-lighting/pano_ahxoerlgyguyxt.exr"], "original object size": [0.5572810173034668, 0.009565036743879318, 0.7544296383857727, 0.3602078855037689], "original calibration": [-0.2582726479, -0.3937835395, 1.6573212625043987], "distorted params": ["roll", "hfov"], "distorted calibration": [-0.2582726479, -0.3644548481960594, 1.7808279285583615], "distorted object size": [0.5594797730445862, 0.0024327144492417574, 0.7552260756492615, 0.3556056618690491]}