{"constants": [276.0, 246.0, 0.4432448149, 0.4437273145, 1.1651810408, 384.0, 576.0, "outdoor", 2.6397119201, 1.1496857239, 2.1070868448, 0.0379645848], "original object size": [0.3751866817474365, 0.2706279456615448, 0.4844263792037964, 0.4401077330112457], "original calibration": [-0.0527451411, -0.0003216546, 1.3109223246], "distorted params": ["pitch"], "distorted calibration": [0.14702476296277436, -0.0003216546, 1.3109223246], "distorted object size": [0.3743099272251129, 0.26040923595428467, 0.48429253697395325, 0.4287518858909607]}