{"constants": [195.0, 299.0, 0.831371963, 0.75452739, 0.8405730128, 341.0, 455.0, "outdoor", 2.6397119201, 1.1496857239, 2.1070868448, 0.0379645848], "original object size": [0.5328445434570312, 0.4156690835952759, 0.7789598107337952, 0.7600305676460266], "original calibration": [0.130398646, 0.05762586, 0.5876359522624633], "distorted params": ["roll"], "distorted calibration": [0.130398646, -0.17052007865303048, 0.5876359522624633], "distorted object size": [0.5083144903182983, 0.4021086096763611, 0.7617704272270203, 0.7367773056030273]}