{"constants": [309.0, 304.0, 0.292289108, 0.239485532, 2.7161130905, 341.0, 455.0, "outdoor", 0, 0, 7, 0.02], "original object size": [0.6079367399215698, 0.08116920292377472, 0.7298883199691772, 0.32867178320884705], "original calibration": [-0.2192413062, 0.0396206453, 1.185329012903226], "distorted params": ["pitch", "hfov"], "distorted calibration": [0.18872084285609034, 0.0396206453, 1.7571584882031086], "distorted object size": [0.6206981539726257, 0.034348051995038986, 0.7401731610298157, 0.2870895266532898]}