{"constants": [306.0, 296.0, 0.0386685729, 0.5921071172, 2.9658555984, 341.0, 455.0, "indoor", "./indoor-lighting/pano_ahxoerlgyguyxt.exr"], "original object size": [0.5515435934066772, 0.051109619438648224, 0.698412299156189, 0.4004276394844055], "original calibration": [-0.2582726479, -0.3937835395, 1.6573212625043987], "distorted params": ["roll", "hfov"], "distorted calibration": [-0.2582726479, -0.5900439838034409, 1.4024371708647467], "distorted object size": [0.5220435261726379, 0.045208003371953964, 0.6886129975318909, 0.3575805723667145]}