{"constants": [264.0, 212.0, 0.5037712455, 0.7351716161, -0.100354813, 341.0, 455.0, "indoor", "./indoor-lighting/pano_ahxoerlgyguyxt.exr"], "original object size": [0.27241069078445435, 0.18223685026168823, 0.5869714617729187, 0.5069565773010254], "original calibration": [0.121663861, -0.1720033884, 1.262167213291789], "distorted params": ["roll", "hfov"], "distorted calibration": [0.121663861, -0.061344886121827105, 2.2689280275926285], "distorted object size": [0.27342694997787476, 0.14012128114700317, 0.594480037689209, 0.4583778381347656]}