{"constants": [264.0, 212.0, 0.5037712455, 0.7351716161, -0.100354813, 341.0, 455.0, "indoor", "./indoor-lighting/pano_ahxoerlgyguyxt.exr"], "original object size": [0.39697882533073425, 0.16877400875091553, 0.54248046875, 0.6347500085830688], "original calibration": [0.121663861, -0.1720033884, 1.262167213291789], "distorted params": ["hfov"], "distorted calibration": [0.121663861, -0.1720033884, 0.64260495418311], "distorted object size": [0.3923290967941284, 0.1883297711610794, 0.5427408814430237, 0.6395750045776367]}