{"constants": [209.0, 102.0, 0.5897455812, 0.6341540217, -1.5163125992, 256.0, 256.0, "outdoor", 0, 0, 7, 0.02], "original object size": [0.24507828056812286, 0.17356836795806885, 0.5809313654899597, 0.6496452689170837], "original calibration": [0.0890564099, -0.0443792976, 0.7589539886], "distorted params": ["roll", "hfov"], "distorted calibration": [0.0890564099, -0.20281903828865278, 0.3490658503988659], "distorted object size": [0.21591785550117493, 0.17281514406204224, 0.5695310831069946, 0.6261246800422668]}