{"constants": [253.0, 66.0, 0.8507063389, 0.8491625786, -1.5494630337, 341.0, 455.0, "outdoor", 2.96065472, 0.2741530187, 4.0, 0.0293732855], "original object size": [0.02062825672328472, 0.20463138818740845, 0.20924095809459686, 0.49454358220100403], "original calibration": [0.385848701, 0.0011589512, 1.4034014467947216], "distorted params": ["roll"], "distorted calibration": [0.385848701, -0.07729308615289529, 1.4034014467947216], "distorted object size": [0.011651590466499329, 0.2061445564031601, 0.20614631474018097, 0.48754650354385376]}