{"constants": [301.0, 197.0, 0.6112392545, 0.7202391028, 0.8474585414, 341.0, 455.0, "indoor", "./indoor-lighting/pano_ahxngimugqzaln.exr"], "original object size": [0.32677510380744934, 0.02269541099667549, 0.5493401885032654, 0.7095277905464172], "original calibration": [0.147619158, -0.0816478506, 1.1253265970894428], "distorted params": ["roll"], "distorted calibration": [0.147619158, 0.14593672176935318, 1.1253265970894428], "distorted object size": [0.32610416412353516, 0.033664997667074203, 0.5508612990379333, 0.7138633131980896]}