{"constants": [301.0, 197.0, 0.6112392545, 0.7202391028, 0.8474585414, 341.0, 455.0, "indoor", "./indoor-lighting/pano_ahxngimugqzaln.exr"], "original object size": [0.17939990758895874, 0.00879824161529541, 0.5129528641700745, 0.5374599099159241], "original calibration": [0.147619158, -0.0816478506, 1.1253265970894428], "distorted params": ["roll", "hfov"], "distorted calibration": [0.147619158, -0.20680310325344053, 0.3490658503988659], "distorted object size": [0.16550903022289276, 0.053158000111579895, 0.5171095132827759, 0.5560084581375122]}