{"constants": [301.0, 197.0, 0.6112392545, 0.7202391028, 0.8474585414, 341.0, 455.0, "indoor", "./indoor-lighting/pano_ahxngimugqzaln.exr"], "original object size": [0.16470566391944885, 0.045864854007959366, 0.6358381509780884, 0.5076360106468201], "original calibration": [0.147619158, -0.0816478506, 1.1253265970894428], "distorted params": ["pitch", "roll"], "distorted calibration": [-0.14169150733641636, -0.11109210860567956, 1.1253265970894428], "distorted object size": [0.1676914095878601, 0.07749917358160019, 0.6282791495323181, 0.5500927567481995]}