{"constants": [309.0, 304.0, 0.292289108, 0.239485532, 2.7161130905, 341.0, 455.0, "outdoor", 0, 0, 7, 0.02], "original object size": [0.5984717011451721, 0.08495106548070908, 0.7397070527076721, 0.2190493792295456], "original calibration": [-0.2192413062, 0.0396206453, 1.185329012903226], "distorted params": ["hfov"], "distorted calibration": [-0.2192413062, 0.0396206453, 1.3837457541227174], "distorted object size": [0.6002153754234314, 0.08167469501495361, 0.7369031310081482, 0.22038814425468445]}