{"constants": [253.0, 66.0, 0.8507063389, 0.8491625786, -1.5494630337, 341.0, 455.0, "outdoor", 2.96065472, 0.2741530187, 4.0, 0.0293732855], "original object size": [0.008473508059978485, 0.22894763946533203, 0.223781555891037, 0.4743114113807678], "original calibration": [0.385848701, 0.0011589512, 1.4034014467947216], "distorted params": ["pitch", "roll", "hfov"], "distorted calibration": [0.806932898071457, 0.07628089875472517, 1.6170359603555644], "distorted object size": [-0.017129182815551758, 0.17943453788757324, 0.2050391137599945, 0.4173962473869324]}