{"constants": [309.0, 304.0, 0.292289108, 0.239485532, 2.7161130905, 341.0, 455.0, "outdoor", 0, 0, 7, 0.02], "original object size": [0.6287364363670349, 0.08496922254562378, 0.7089969515800476, 0.28904834389686584], "original calibration": [-0.2192413062, 0.0396206453, 1.185329012903226], "distorted params": ["pitch", "hfov"], "distorted calibration": [0.2008444679243037, 0.0396206453, 2.013787472945041], "distorted object size": [0.629834771156311, 0.037473294883966446, 0.7097575664520264, 0.24241837859153748]}