{"constants": [276.0, 246.0, 0.4432448149, 0.4437273145, 1.1651810408, 384.0, 576.0, "outdoor", 2.6397119201, 1.1496857239, 2.1070868448, 0.0379645848], "original object size": [0.40391600131988525, 0.2701401710510254, 0.46754491329193115, 0.49452629685401917], "original calibration": [-0.0527451411, -0.0003216546, 1.3109223246], "distorted params": ["hfov"], "distorted calibration": [-0.0527451411, -0.0003216546, 1.7581118727636345], "distorted object size": [0.4053761959075928, 0.26209989190101624, 0.4672922194004059, 0.4928702116012573]}