{"constants": [306.0, 296.0, 0.0386685729, 0.5921071172, 2.9658555984, 341.0, 455.0, "indoor", "./indoor-lighting/pano_ahxoerlgyguyxt.exr"], "original object size": [0.4881114661693573, 0.06023712456226349, 0.6985231637954712, 0.34641602635383606], "original calibration": [-0.2582726479, -0.3937835395, 1.6573212625043987], "distorted params": ["hfov"], "distorted calibration": [-0.2582726479, -0.3937835395, 2.2689280275926285], "distorted object size": [0.5071678161621094, 0.025662489235401154, 0.7012929320335388, 0.3380509316921234]}