{"constants": [264.0, 212.0, 0.5037712455, 0.7351716161, -0.100354813, 341.0, 455.0, "indoor", "./indoor-lighting/pano_ahxoerlgyguyxt.exr"], "original object size": [0.2927493453025818, 0.20566298067569733, 0.5837265253067017, 0.5940906405448914], "original calibration": [0.121663861, -0.1720033884, 1.262167213291789], "distorted params": ["roll", "hfov"], "distorted calibration": [0.121663861, -0.3494303637924864, 0.41830724067893876], "distorted object size": [0.2700347602367401, 0.21055421233177185, 0.561059296131134, 0.5989186763763428]}