{"constants": [264.0, 212.0, 0.5037712455, 0.7351716161, -0.100354813, 341.0, 455.0, "indoor", "./indoor-lighting/pano_ahxoerlgyguyxt.exr"], "original object size": [0.3030521869659424, 0.19023635983467102, 0.5809498429298401, 0.5822196006774902], "original calibration": [0.121663861, -0.1720033884, 1.262167213291789], "distorted params": ["pitch"], "distorted calibration": [-0.1533061033619501, -0.1720033884, 1.262167213291789], "distorted object size": [0.30051955580711365, 0.20136891305446625, 0.589451014995575, 0.5789327025413513]}