{"constants": [276.0, 246.0, 0.4432448149, 0.4437273145, 1.1651810408, 384.0, 576.0, "outdoor", 2.6397119201, 1.1496857239, 2.1070868448, 0.0379645848], "original object size": [0.35582205653190613, 0.26124995946884155, 0.4966500401496887, 0.4898034632205963], "original calibration": [-0.0527451411, -0.0003216546, 1.3109223246], "distorted params": ["roll"], "distorted calibration": [-0.0527451411, -0.2911952973267013, 1.3109223246], "distorted object size": [0.3583528995513916, 0.24376440048217773, 0.49389705061912537, 0.48158887028694153]}