{"constants": [306.0, 296.0, 0.0386685729, 0.5921071172, 2.9658555984, 341.0, 455.0, "indoor", "./indoor-lighting/pano_ahxoerlgyguyxt.exr"], "original object size": [0.5015075206756592, 0.080361507833004, 0.716210663318634, 0.3834592401981354], "original calibration": [-0.2582726479, -0.3937835395, 1.6573212625043987], "distorted params": ["pitch", "roll"], "distorted calibration": [-0.14212812666619656, -0.2822353207056655, 1.6573212625043987], "distorted object size": [0.5159684419631958, 0.07940297573804855, 0.731404185295105, 0.3814733028411865]}