{"constants": [184.0, 185.0, 1.2029799223, 1.2029935122, -1.7022237778, 341.0, 455.0, "outdoor", 0, 0, 7, 0.02], "original object size": [0.15557518601417542, 0.3252771198749542, 0.5954492688179016, 0.9721247553825378], "original calibration": [0.6079952717, -1.02748e-05, 1.2265770351011729], "distorted params": ["roll"], "distorted calibration": [0.6079952717, 0.2731619025999088, 1.2265770351011729], "distorted object size": [0.2736945152282715, 0.3062012195587158, 0.6768354773521423, 1.0182276964187622]}