{"constants": [264.0, 212.0, 0.5037712455, 0.7351716161, -0.100354813, 341.0, 455.0, "indoor", "./indoor-lighting/pano_ahxoerlgyguyxt.exr"], "original object size": [0.40764111280441284, 0.18011242151260376, 0.5683239698410034, 0.7007832527160645], "original calibration": [0.121663861, -0.1720033884, 1.262167213291789], "distorted params": ["roll", "hfov"], "distorted calibration": [0.121663861, -0.21864113632181553, 0.3490658503988659], "distorted object size": [0.39626410603523254, 0.20027348399162292, 0.5675327181816101, 0.6906360983848572]}