{"constants": [209.0, 102.0, 0.5897455812, 0.6341540217, -1.5163125992, 256.0, 256.0, "outdoor", 0, 0, 7, 0.02], "original object size": [0.16658228635787964, 0.17065970599651337, 0.6013771891593933, 0.6064222455024719], "original calibration": [0.0890564099, -0.0443792976, 0.7589539886], "distorted params": ["roll"], "distorted calibration": [0.0890564099, -0.25056966236026434, 0.7589539886], "distorted object size": [0.12111305445432663, 0.16437789797782898, 0.5575355291366577, 0.59852135181427]}