{"constants": [309.0, 304.0, 0.292289108, 0.239485532, 2.7161130905, 341.0, 455.0, "outdoor", 0, 0, 7, 0.02], "original object size": [0.6267275214195251, 0.09132340550422668, 0.7273159623146057, 0.27987587451934814], "original calibration": [-0.2192413062, 0.0396206453, 1.185329012903226], "distorted params": ["roll"], "distorted calibration": [-0.2192413062, -0.09063211869564308, 1.185329012903226], "distorted object size": [0.6186348795890808, 0.09044171124696732, 0.7157121300697327, 0.2860698699951172]}