{"constants": [187.0, 120.0, 0.6829621792, 0.6837050915, 1.3123861551, 256.0, 192.0, "outdoor", 0, 0, 7, 0.02], "original object size": [0.3218250870704651, 0.07198799401521683, 0.9495900273323059, 0.7402324676513672], "original calibration": [0.351516813, -0.0009896373, 1.178262948975], "distorted params": ["roll"], "distorted calibration": [0.351516813, -0.31593664160337753, 1.178262948975], "distorted object size": [0.3345305025577545, 0.05506964772939682, 0.9595178961753845, 0.7263042330741882]}