{"constants": [184.0, 185.0, 1.2029799223, 1.2029935122, -1.7022237778, 341.0, 455.0, "outdoor", 0, 0, 7, 0.02], "original object size": [0.2147725522518158, 0.362255334854126, 0.5276312232017517, 0.958836555480957], "original calibration": [0.6079952717, -1.02748e-05, 1.2265770351011729], "distorted params": ["hfov"], "distorted calibration": [0.6079952717, -1.02748e-05, 1.7683233480797265], "distorted object size": [0.144150048494339, 0.36166974902153015, 0.5117740035057068, 1.005009412765503]}