{"constants": [276.0, 246.0, 0.4432448149, 0.4437273145, 1.1651810408, 384.0, 576.0, "outdoor", 2.6397119201, 1.1496857239, 2.1070868448, 0.0379645848], "original object size": [0.3655691146850586, 0.2732776403427124, 0.48744097352027893, 0.39736220240592957], "original calibration": [-0.0527451411, -0.0003216546, 1.3109223246], "distorted params": ["roll"], "distorted calibration": [-0.0527451411, 0.20810815982846367, 1.3109223246], "distorted object size": [0.3841537535190582, 0.27015790343284607, 0.4978122413158417, 0.4039077162742615]}