{"constants": [187.0, 120.0, 0.6829621792, 0.6837050915, 1.3123861551, 256.0, 192.0, "outdoor", 0, 0, 7, 0.02], "original object size": [0.33510956168174744, 0.14464785158634186, 0.8667763471603394, 0.8140828013420105], "original calibration": [0.351516813, -0.0009896373, 1.178262948975], "distorted params": ["pitch", "hfov"], "distorted calibration": [0.508420956170743, -0.0009896373, 1.980959411933448], "distorted object size": [0.623297393321991, 0.26828882098197937, 0.6268016695976257, 0.2724732756614685]}