{"constants": [195.0, 299.0, 0.831371963, 0.75452739, 0.8405730128, 341.0, 455.0, "outdoor", 2.6397119201, 1.1496857239, 2.1070868448, 0.0379645848], "original object size": [0.5358802676200867, 0.4256429374217987, 0.7988529205322266, 0.7755255699157715], "original calibration": [0.130398646, 0.05762586, 0.5876359522624633], "distorted params": ["pitch", "roll", "hfov"], "distorted calibration": [0.4495194552853002, 0.3256370247904823, 1.5219025853730597], "distorted object size": [0.5871978402137756, 0.39577022194862366, 0.8602210283279419, 0.7332431077957153]}