{"constants": [265.0, 112.0, 0.6748281717, 0.6748456955, 0.0829030424, 341.0, 455.0, "indoor", "./indoor-lighting/pano_ahxoerlgyguyxt.exr"], "original object size": [0.015155364759266376, 0.10333096235990524, 0.45343413949012756, 0.7865885496139526], "original calibration": [0.1295537651, -1.31444e-05, 0.9517702784032259], "distorted params": ["hfov"], "distorted calibration": [0.1295537651, -1.31444e-05, 0.3490658503988659], "distorted object size": [0.019489457830786705, 0.15745733678340912, 0.4701499044895172, 0.8224446773529053]}