{"constants": [306.0, 296.0, 0.0386685729, 0.5921071172, 2.9658555984, 341.0, 455.0, "indoor", "./indoor-lighting/pano_ahxoerlgyguyxt.exr"], "original object size": [0.43565312027931213, 0.06792204082012177, 0.6672455668449402, 0.39738884568214417], "original calibration": [-0.2582726479, -0.3937835395, 1.6573212625043987], "distorted params": ["pitch", "roll", "hfov"], "distorted calibration": [-0.47160550152191083, -0.563544427042987, 1.3589511419513656], "distorted object size": [0.4170389175415039, 0.03656795993447304, 0.6644221544265747, 0.3462654650211334]}