{"constants": [265.0, 112.0, 0.6748281717, 0.6748456955, 0.0829030424, 341.0, 455.0, "indoor", "./indoor-lighting/pano_ahxoerlgyguyxt.exr"], "original object size": [0.03309101611375809, 0.18281204998493195, 0.4251272976398468, 0.538834273815155], "original calibration": [0.1295537651, -1.31444e-05, 0.9517702784032259], "distorted params": ["hfov"], "distorted calibration": [0.1295537651, -1.31444e-05, 0.44982192677919897], "distorted object size": [0.04622403904795647, 0.19536332786083221, 0.4335939586162567, 0.5557265877723694]}