{"constants": [195.0, 299.0, 0.831371963, 0.75452739, 0.8405730128, 341.0, 455.0, "outdoor", 2.6397119201, 1.1496857239, 2.1070868448, 0.0379645848], "original object size": [0.5884736180305481, 0.41302141547203064, 0.729745626449585, 0.8151021599769592], "original calibration": [0.130398646, 0.05762586, 0.5876359522624633], "distorted params": ["roll"], "distorted calibration": [0.130398646, -0.05252825260012026, 0.5876359522624633], "distorted object size": [0.5884978771209717, 0.40975895524024963, 0.7292618751525879, 0.8132961392402649]}