{"constants": [281.0, 221.0, 0.7689789534, 0.6506311893, -0.1929270029, 341.0, 455.0, "indoor", "./indoor-lighting/pano_ahxoerlgyguyxt.exr"], "original object size": [0.2345900684595108, 0.034548789262771606, 0.7342501282691956, 0.8410486578941345], "original calibration": [0.129752785, 0.0886149034, 0.8045621438826981], "distorted params": ["roll"], "distorted calibration": [0.129752785, 0.1584448674736301, 0.8045621438826981], "distorted object size": [0.23527050018310547, 0.02727416902780533, 0.7326013445854187, 0.837568998336792]}